-- Phase 1 Seed Data
-- Run AFTER applying 20260428000000_phase1_schema.sql.
-- Create test users in Supabase Auth dashboard first, then reference their UUIDs below.
--
-- Replace the UUIDs below with real auth.users UUIDs from your project:
--   v_admin  — admin account (e.g. ndumisoyedwa@gmail.com)
--   v_ops    — operations account (e.g. ops@promadira.co.za)

do $$
declare
  -- ── Substitute these with real auth.users UUIDs ──────────────────────────
  v_admin   uuid := 'aaaaaaaa-0000-0000-0000-000000000001';
  v_ops     uuid := 'bbbbbbbb-0000-0000-0000-000000000001';

  -- Clients
  v_rustenburg  uuid := uuid_generate_v4();
  v_sibanye     uuid := uuid_generate_v4();
  v_anglo       uuid := uuid_generate_v4();
  v_impala      uuid := uuid_generate_v4();

  -- Jobs
  j1  uuid := uuid_generate_v4();
  j2  uuid := uuid_generate_v4();
  j3  uuid := uuid_generate_v4();
  j4  uuid := uuid_generate_v4();
  j5  uuid := uuid_generate_v4();
  j6  uuid := uuid_generate_v4();
  j7  uuid := uuid_generate_v4();
  j8  uuid := uuid_generate_v4();
  j9  uuid := uuid_generate_v4();
  j10 uuid := uuid_generate_v4();
  j11 uuid := uuid_generate_v4();
  j12 uuid := uuid_generate_v4();
  j13 uuid := uuid_generate_v4();
  j14 uuid := uuid_generate_v4();
  j15 uuid := uuid_generate_v4();
begin

-- ─── Profiles ────────────────────────────────────────────────────────────────
insert into public.profiles (id, full_name, role) values
  (v_admin, 'Ndumiso Yedwa',   'admin'),
  (v_ops,   'Operations User', 'operations')
on conflict (id) do nothing;

-- ─── Clients ─────────────────────────────────────────────────────────────────
insert into public.clients (id, name, site_name, contact_person, contact_phone, contact_email) values
  (v_rustenburg, 'Rustenburg Platinum Mine',  'Process Plant A',  'Mark Evans',    '+27 14 555 0101', 'mark.evans@rpm.co.za'),
  (v_sibanye,    'Sibanye Stillwater',         'Shaft 2 East',     'Sarah Jenkins', '+27 11 555 0202', 'sarah.jenkins@sibanye.co.za'),
  (v_anglo,      'Anglo American Platinum',    'Main Processing',  'David Smith',   '+27 10 555 0303', 'david.smith@angloamerican.com'),
  (v_impala,     'Impala Platinum',            'North Shaft',      'Thabo Mokoena', '+27 15 555 0404', 'thabo.mokoena@implats.co.za');

-- ─── Jobs ────────────────────────────────────────────────────────────────────
-- job_number is generated by trigger (inserting '' triggers it)
insert into public.jobs
  (id, job_number, client_id, urgency, status, asset_type, asset_description, problem_description,
   mine_waybill_ref, request_date, created_by, cancelled, created_at, updated_at)
values
  -- Active workflow statuses
  (j1,  '', v_rustenburg, 'standard', 'Requested',          'Hydraulic Cylinder', '200mm bore double-acting',     'Cylinder leaking from rod seal',            'WB-001', current_date - 1,  v_ops,   false, now() - interval '1 day',    now() - interval '1 day'),
  (j2,  '', v_sibanye,    'standard', 'Collected',           'Pump',               'Gear pump 50cc/rev',            'Loss of pressure at full speed',             'WB-002', current_date - 3,  v_ops,   false, now() - interval '3 days',   now() - interval '2 days'),
  (j3,  '', v_anglo,      'standard', 'At Workshop',         'Valve',              'Solenoid directional valve',    'Coil burnt out, no actuation',               'WB-003', current_date - 5,  v_admin, false, now() - interval '5 days',   now() - interval '4 days'),
  (j4,  '', v_impala,     'standard', 'At OEM',              'Motor',              'Hydraulic orbit motor',         'Seized — suspected internal scoring',        'WB-004', current_date - 7,  v_ops,   false, now() - interval '7 days',   now() - interval '6 days'),
  (j5,  '', v_rustenburg, 'standard', 'Quoting',             'Gearbox',            'Helical 3-stage gearbox',       'Gear tooth fracture, oil contamination',      'WB-005', current_date - 8,  v_admin, false, now() - interval '8 days',   now() - interval '7 days'),
  (j6,  '', v_sibanye,    'standard', 'Awaiting Approval',   'Actuator',           'Pneumatic rack & pinion',       'Cylinder rod bent, seal failure',            'WB-006', current_date - 10, v_ops,   false, now() - interval '10 days',  now() - interval '9 days'),
  (j7,  '', v_anglo,      'standard', 'PO Received',         'Hydraulic Cylinder', '120mm bore single-acting',      'Piston rod corroded, needs re-chrome',       'WB-007', current_date - 11, v_ops,   false, now() - interval '11 days',  now() - interval '10 days'),
  (j8,  '', v_impala,     'standard', 'In Repair',           'Hose Assembly',      '2-inch braided pressure hose',  'Hose burst at fitting under load',           'WB-008', current_date - 12, v_admin, false, now() - interval '12 days',  now() - interval '11 days'),
  (j9,  '', v_rustenburg, 'standard', 'Ready for Delivery',  'Bearing',            'Spherical roller bearing',      'Bearing seized, housing damaged',            'WB-009', current_date - 14, v_ops,   false, now() - interval '14 days',  now() - interval '13 days'),

  -- Urgent — 2 jobs
  (j10, '', v_sibanye,    'urgent',   'Collected',           'Hydraulic Cylinder', '80mm bore steering ram',        'Ram collapsed in service — production stop', 'WB-010', current_date,      v_admin, false, now() - interval '2 hours',  now() - interval '1 hour'),
  (j11, '', v_impala,     'urgent',   'At Workshop',         'Pump',               'Axial piston pump A10V',        'Complete pump failure, metal shavings',      'WB-011', current_date,      v_ops,   false, now() - interval '4 hours',  now() - interval '3 hours'),

  -- On Hold
  (j12, '', v_anglo,      'standard', 'On Hold',             'Valve',              'Pressure relief valve 350 bar', 'Awaiting client approval to proceed',        'WB-012', current_date - 9,  v_ops,   false, now() - interval '9 days',   now() - interval '8 days'),

  -- Delayed
  (j13, '', v_rustenburg, 'standard', 'Delayed',             'Motor',              'Wheel drive hydraulic motor',   'OEM parts backordered — ETA 4 weeks',        'WB-013', current_date - 18, v_admin, false, now() - interval '18 days',  now() - interval '17 days'),

  -- Delivered (this month)
  (j14, '', v_sibanye,    'standard', 'Delivered',           'Seal Kit',           'Cylinder rebuild seal kit',     'Seals worn, full rebuild required',          'WB-014', current_date - 22, v_ops,   false, now() - interval '22 days',  now() - interval '2 days'),

  -- Closed (this month)
  (j15, '', v_anglo,      'standard', 'Closed',              'Hose Assembly',      '1-inch wire-braid hose',        'Hose cracked at elbow under pressure',       'WB-015', current_date - 20, v_ops,   false, now() - interval '20 days',  now() - interval '1 day');

-- ─── Status Logs ─────────────────────────────────────────────────────────────

-- j1: Requested (created)
insert into public.status_logs (job_id, previous_status, new_status, changed_by, note, changed_at) values
  (j1, null, 'Requested', v_ops, 'Job created', now() - interval '1 day');

-- j2: Requested → Collected
insert into public.status_logs (job_id, previous_status, new_status, changed_by, note, changed_at) values
  (j2, null,        'Requested', v_ops,   'Job created',                  now() - interval '3 days'),
  (j2, 'Requested', 'Collected', v_admin, 'Asset collected from Shaft 2', now() - interval '2 days');

-- j3: Requested → Collected → At Workshop
insert into public.status_logs (job_id, previous_status, new_status, changed_by, note, changed_at) values
  (j3, null,        'Requested',   v_ops,   'Job created',                   now() - interval '5 days'),
  (j3, 'Requested', 'Collected',   v_admin, 'Collected by courier',           now() - interval '4 days'),
  (j3, 'Collected', 'At Workshop', v_admin, 'Received at Promodira workshop', now() - interval '3 days');

-- j6: Full trail → Awaiting Approval
insert into public.status_logs (job_id, previous_status, new_status, changed_by, note, changed_at) values
  (j6, null,          'Requested',         v_ops,   'Job created',                      now() - interval '10 days'),
  (j6, 'Requested',   'Collected',         v_admin, 'Collected from Sibanye Shaft 2',   now() - interval '9 days'),
  (j6, 'Collected',   'At Workshop',       v_admin, 'Received at workshop',             now() - interval '8 days'),
  (j6, 'At Workshop', 'At OEM',            v_admin, 'Sent to PneumaPro for assessment', now() - interval '7 days'),
  (j6, 'At OEM',      'Quoting',           v_admin, 'OEM assessment complete',          now() - interval '5 days'),
  (j6, 'Quoting',     'Awaiting Approval', v_admin, 'Quote R42,500 sent to client',     now() - interval '3 days');

-- j13: Delayed
insert into public.status_logs (job_id, previous_status, new_status, changed_by, note, changed_at) values
  (j13, null,          'Requested',   v_admin, 'Job created',                               now() - interval '18 days'),
  (j13, 'Requested',   'Collected',   v_admin, 'Collected from Rustenburg',                  now() - interval '17 days'),
  (j13, 'Collected',   'At Workshop', v_admin, 'Received',                                   now() - interval '16 days'),
  (j13, 'At Workshop', 'At OEM',      v_admin, 'Sent to GearCorp',                           now() - interval '14 days'),
  (j13, 'At OEM',      'Delayed',     v_admin, 'Parts backordered — ETA 4 weeks from OEM',   now() - interval '10 days');

-- j14: Delivered
insert into public.status_logs (job_id, previous_status, new_status, changed_by, note, changed_at) values
  (j14, null,                'Requested',          v_ops,   'Job created',              now() - interval '22 days'),
  (j14, 'Requested',         'Collected',           v_admin, 'Collected',                now() - interval '21 days'),
  (j14, 'Collected',         'At Workshop',         v_admin, 'Received',                 now() - interval '20 days'),
  (j14, 'At Workshop',       'In Repair',           v_admin, 'Seal rebuild in progress', now() - interval '16 days'),
  (j14, 'In Repair',         'Ready for Delivery',  v_admin, 'Rebuild complete',         now() - interval '4 days'),
  (j14, 'Ready for Delivery','Delivered',            v_admin, 'Delivered to Sibanye',    now() - interval '2 days');

-- j15: Closed
insert into public.status_logs (job_id, previous_status, new_status, changed_by, note, changed_at) values
  (j15, null,                'Requested',          v_ops,   'Job created',                  now() - interval '20 days'),
  (j15, 'Requested',         'Collected',           v_admin, 'Collected',                    now() - interval '19 days'),
  (j15, 'Collected',         'At Workshop',         v_admin, 'Received',                     now() - interval '18 days'),
  (j15, 'At Workshop',       'In Repair',           v_admin, 'Repair started',               now() - interval '14 days'),
  (j15, 'In Repair',         'Ready for Delivery',  v_admin, 'Complete',                     now() - interval '3 days'),
  (j15, 'Ready for Delivery','Delivered',            v_admin, 'Delivered to Anglo American',  now() - interval '2 days'),
  (j15, 'Delivered',         'Closed',              v_admin, 'Invoice settled, job closed',  now() - interval '1 day');

end $$;
